When Rated,Beer,Score,Comment
7/24/2007,Gulden Draak,10,
7/24/2007,Duvel,9,
7/24/2007,Grimbergen CuvÈe AmbrÈe / Double (Dubbel),9,
7/24/2007,De Proef Lunatique (Cuvee Diabolique),8,
7/24/2007,Grimbergen Blonde,8,
7/24/2007,Hacker-Pschorr (Hefe) Weisse,8,
7/24/2007,Harpoon UFO Hefeweizen,8,
7/24/2007,Left Hand Jackmans Pale Ale,8,
7/24/2007,Moosbacher Weissbier,8,
7/24/2007,Ommegang Three Philosophers,8,
7/24/2007,Schneider Weisse Original,8,
7/24/2007,Spaten Optimator,8,
7/24/2007,St Peters Golden Ale,8,
7/24/2007,Abita Purple Haze,7,
7/24/2007,Green Valley Brewing Wild Hop Lager,7,
7/24/2007,Lost Coast 8 Ball Stout,7,
7/24/2007,St Peters Organic Ale,7,
7/24/2007,Yuengling Traditional Lager,7,
7/24/2007,Ayingerbrau Hefe Weizen,6,
7/24/2007,Dogfish Head Midas Touch Golden Elixir,6,
7/24/2007,Lost Coast Great White,6,
7/24/2007,Mississippi Mud Black & Tan,6,
7/24/2007,Samuel Adams White Ale,6,
7/24/2007,Samuel Smiths Organic Lager,6,
7/24/2007,Spanish Peaks Honey Raspberry Ale,6,
7/24/2007,Tilburgs Dutch Brown Ale,6,
7/25/2007,Hoegaarden,8,
7/25/2007,O'Hanlon's Thomas Hardys Ale (vintage 2003 and later),8,
7/25/2007,Schloss Eggenberg Samichlaus Bier,7,
7/25/2007,Hornsbys Crisp Apple (Hard Apple),5,
7/27/2007,Hofbr‰u M¸nchner Weisse,7,
7/27/2007,Anchor Liberty Ale,6,
7/27/2007,Gouden Carolus Classic,6,
7/27/2007,Yuengling Original Black and Tan,6,
7/27/2007,Coopers Vintage Ale,4,
7/28/2007,Allagash White,7,
7/28/2007,Left Hand Good Juju Ginger,7,
7/28/2007,Paulaner Salvator,7,
7/28/2007,Belhaven Scottish Ale / Export (Bottle & Keg),6,
7/28/2007,Budweiser Budvar (Czechvar) 12∞,6,
7/28/2007,Dragon Stout,6,
7/28/2007,Guinness Extra Stout (North America),6,
7/28/2007,Indian River Honey Amber Rose,6,
7/28/2007,Lakefront New Grist Sorghum Beer,6,
7/28/2007,LandShark Lager,6,
7/28/2007,Samuel Adams Boston Lager,6,
7/28/2007,Shipyard Export Ale,6,
7/28/2007,Singha,6,
7/28/2007,Tsingtao,6,
7/28/2007,Val-Dieu Triple,6,
7/28/2007,Abita Golden Lager,5,
7/28/2007,Flying Dog Snake Dog IPA (through 2007),5,
7/28/2007,Miller Chill Chelada Style,5,
7/28/2007,North Coast PranQster Belgian,5,
7/28/2007,Ommegang Abbey Ale,5,
7/28/2007,Tequiza,5,
7/28/2007,Tiger Beer,5,
7/28/2007,Val-Dieu Blonde,5,
7/28/2007,Woodchuck Amber Draft Cider,5,
7/28/2007,Zlat˝ Baûant 12% (Golden Pheasant),5,
7/28/2007,Abita Turbodog,4,
7/28/2007,Atlantic Bar Harbor Real Ale,4,
7/28/2007,Boulder Beer Singletrack Copper Ale,4,
7/28/2007,Budweiser,4,
7/28/2007,Budweiser Select,4,
7/28/2007,Club Premium Lager (Ghana),4,
7/28/2007,DAB Original,4,
7/28/2007,Dogfish Head Indian Brown Ale,4,
7/28/2007,Fosters Lager,4,
7/28/2007,Gallo,4,
7/28/2007,Gaymers K Cider (US version),4,
7/28/2007,Miller Genuine Draft (MGD),4,
7/28/2007,Miller Lite,4,
7/28/2007,Sam Adams Light,4,
7/28/2007,Samuel Smiths India Ale,4,
7/28/2007,Tommyknocker Maple Nut Brown Ale,4,
7/28/2007,Woodchuck Granny Smith Draft Cider,4,
7/28/2007,Bud Ice,3,
7/28/2007,Dinkelacker Golden Lager,3,
7/28/2007,Carib Shandy (Ginger),2,
7/28/2007,Miller High Life,2,
7/28/2007,Miller High Life Light,2,
7/28/2007,Morland Tanners Jack (Bottle),2,
7/28/2007,Natural Light,2,
7/28/2007,Olympia Gold Light,2,
7/28/2007,Pabst Blue Ribbon,2,
7/28/2007,Samuel Adams Cherry Wheat,2,
7/28/2007,Verhaeghe Duchesse De Bourgogne,2,
7/28/2007,Bud Dry,1,
7/28/2007,Keystone Light,1,
7/28/2007,Morland Old Speckled Hen (Filtered),1,
7/29/2007,Becks,5,
7/29/2007,Heineken,5,
7/29/2007,Bud Light,4,
7/29/2007,Coors Light,4,
8/1/2007,Leinenkugels Sunset Wheat,8,
8/1/2007,Harp Lager,7,
8/1/2007,Abita Amber Lager,5,
8/1/2007,Bass Pale Ale,5,
8/1/2007,Key West Sunset Ale,4,
8/18/2007,Ayinger Ur-Weisse,9,
8/18/2007,Augustiner Dunkel,8,
8/18/2007,Augustiner Weissbier,7,
8/18/2007,Augustiner Lagerbier Hell,6,
8/18/2007,Carlsberg Elephant,6,
8/18/2007,Hofbrauhaus Hatz Weizen Kristallklar,6,
8/18/2007,Murphys Irish Stout,6,
8/18/2007,Peroni Nastro Azzurro,6,
8/18/2007,Rose Street Brewery Devils Kiss (Bottle & Keg),6,
8/18/2007,Tucher Kristall Weizen,6,
8/18/2007,Ayinger Premium-Pils,5,
8/18/2007,Forst Premium,5,
8/18/2007,Kaiser Premium (Austria),5,
8/18/2007,Royal Weiss,4,
8/18/2007,Forst Sixtus Doppelbock,3,
8/18/2007,Hofbrauhaus Hatz Radler,3,
8/29/2007,Franziskaner Hefe-Weissbier Dunkel,10,
9/19/2007,New Belgium Fat Tire,7,
9/19/2007,New Belgium Mothership Wit,7,
9/19/2007,Leinenkugels Honey Weiss Bier,6,
9/19/2007,Trader Joes Bavarian Style Hefeweizen,6,
9/24/2007,Odell 90 Shilling,6,
9/26/2007,Paulaner Hefe-Weissbier,9,
9/30/2007,Leinenkugels Berry Weiss,6,
10/3/2007,Unibroue Maudite,8,
10/3/2007,Schlafly Hefeweizen,7,
10/3/2007,Schlafly Pale Ale,5,
10/12/2007,Tsingtao Draft Beer 11∞ (Pure Draft Beer),7,
10/16/2007,Heilemans Old Style,4,
10/24/2007,Schlafly No. 15,8,
10/24/2007,Unibroue Trois Pistoles,8,
10/28/2007,New Belgium Abbey,5,
11/2/2007,Samuel Adams Imperial Pilsner,6,
11/4/2007,Delirium Nocturnum,9,
11/4/2007,Bud Extra (B-to-the-E),3,
11/11/2007,Stella Artois,5,
11/14/2007,Petes Wicked Strawberry Blonde,5,
11/18/2007,Sea Dog Long Hot Summer Wheat Beer,5,
11/20/2007,Leffe Blonde,7,
11/20/2007,Pauwel Kwak,6,
11/20/2007,Lindemans Framboise,5,
11/20/2007,Kasteelbier Tripel Blonde 11%,4,
11/21/2007,Leinenkugels Apple Spice,6,
11/26/2007,Bulmers (Magners Original Irish) Cider,8,
11/26/2007,Fullers London Porter (Bottle/Keg),7,
11/26/2007,Murphys Irish Red Beer,6,
11/26/2007,Boddingtons Pub Ale (Can),4,
11/28/2007,Sierra Nevada Pale Ale (Bottle),6,
12/1/2007,Fullers ESB (Bottle/Keg),8,
12/1/2007,Redhook ESB,7,
12/1/2007,Breckenridge Christmas Ale,6,
12/1/2007,OFallon 5-Day IPA,6,
12/1/2007,Blue Moon Abbey Ale,5,
12/1/2007,ToÒa,5,
12/13/2007,Blue Moon Belgian White Ale,6,
12/30/2007,Orval,8,
12/30/2007,Unibroue La Fin du Monde,8,
12/30/2007,Maharaja Premium Lager,6,
12/30/2007,Squatters Captain Bastards Oatmeal Stout,6,
12/30/2007,Wasatch The Devastator Double Bock,5,
12/30/2007,Red Rock Honey Wheat,4,
12/30/2007,Red Rock Organic Zwickel Bier,4,
1/8/2008,St. Bernardus Blanche (Witbier),9,
1/8/2008,Liefmans de Boomgaard Tropicale,7,
1/9/2008,Vuuve,5,
1/15/2008,Schlafly APA,7,
1/16/2008,Stockyard Oatmeal Stout,8,
1/16/2008,Trinity Red Ale,6,
1/16/2008,Nova Paka Brou Czech 3.5%,5,
1/17/2008,Unibroue Blanche de Chambly,9,
1/17/2008,Trader Joes Vintage Ale 2005,7,
1/20/2008,Smithwicks Ale,6,
1/20/2008,Blue Moon Rising Moon Spring Ale,5,
1/22/2008,JosephsBrau Hopfest,5,
2/1/2008,Schlafly Scotch Ale,8,
2/1/2008,Newcastle Brown Ale,7,
2/10/2008,Delirium Tremens,10,
2/10/2008,Schlafly Hard Cider,7,
2/10/2008,Schlafly Irish Style Extra Stout,7,
2/10/2008,Harbin Beer,6,
2/10/2008,Schlafly Pilsner,6,
2/10/2008,Schlafly Winter ESB,6,
2/10/2008,Boulevard Unfiltered Wheat Beer,5,
2/10/2008,Samuel Adams Cranberry Lambic,4,
2/11/2008,Samuel Adams Old Fezziwig Ale,7,
2/11/2008,Samuel Adams Winter Lager,6,
2/15/2008,Samuel Adams Holiday Porter,8,
2/15/2008,Samuel Smiths Oatmeal Stout,8,
2/15/2008,Samuel Adams Double Bock,7,
2/22/2008,Schlafly Reserve Bourbon Barrel Aged Imperial Stout,8,
2/22/2008,Bells Porter,7,
2/22/2008,Schlafly Imperial Stout,7,
2/22/2008,Schlafly Smoked Porter,5,
2/23/2008,Schlafly Reserve Barleywine Style Ale Aged On Oak,7,
2/23/2008,Kona Fire Rock Pale Ale,4,
2/25/2008,Tennents Lager,6,
2/25/2008,Tennents Super,6,
3/2/2008,Samuel Adams LongShot Weizenbock,7,
3/2/2008,Breckenridge Vanilla Porter,5,
3/2/2008,Samuel Adams LongShot Grape Pale Ale,5,
3/3/2008,Fullers London Pride (Pasteurised),6,
3/4/2008,Rolling Rock Extra Pale,6,
3/4/2008,Bells Amber Ale,5,
3/4/2008,Rolling Rock Light,4,
3/6/2008,Spaten M¸nchner Hell / M¸nchen / Premium,7,
3/6/2008,Shiner 97 Bohemian Black Lager,6,
3/6/2008,Odell 5 Barrel Pale Ale,5,
3/7/2008,Chimay Bleue (Blue) / Grande RÈserve,8,
3/18/2008,Granville Island Lions Winter Ale,8,
3/18/2008,Phillips Longboat Double Chocolate Porter,8,
3/18/2008,Crannog Back Hand of God Stout,7,
3/18/2008,Granville Island Cypress Honey Lager,7,
3/18/2008,Granville Island Killarney Stout,7,
3/18/2008,Granville Island Robson Street Hefeweizen,7,
3/18/2008,Okanagan 1516 Bavarian Lager,7,
3/18/2008,Russell Cream Ale,7,
3/18/2008,Storm Black Plague Stout,7,
3/18/2008,Tree Hophead India Pale Ale,7,
3/18/2008,Granville Island English Bay Pale Ale,6,
3/18/2008,Granville Island Gastown Amber Ale,6,
3/18/2008,Granville Island Island Lager,6,
3/18/2008,Kokanee,6,
3/18/2008,St. Ambroise Apricot Wheat Ale,6,
3/18/2008,Wonder Bar Dirty Girl Pale Lager,6,
3/18/2008,Big Rock Grasshopper Wheat Ale,5,
3/18/2008,Russell Lemon Ale,5,
3/18/2008,Sleeman Honey Brown Lager,5,
3/18/2008,Crannog Red Branch Organic Irish Ale,4,
3/18/2008,Whistler Premium Export Lager,4,
3/22/2008,Shiner Hefeweizen,4,
3/29/2008,Kronenbourg 1664,6,
3/29/2008,Winters Bourbon Cask Ale,6,
4/1/2008,New Belgium Mighty Arrow,5,
4/1/2008,New Belgium 1554 Enlightened Black Ale,4,
4/4/2008,St Peters Cream Stout,8,
4/10/2008,Flying Dog Tire Bite Golden Ale,6,
4/12/2008,Chimay Rouge (Red) / PremiËre,8,
4/12/2008,HeBrew Messiah Bold,8,
4/12/2008,Flying Dog Doggie Style Classic Pale Ale,7,
4/12/2008,Schlafly Raspberry Hefeweizen,5,
4/13/2008,Baltika 6 Porter,7,
4/13/2008,Schlafly Kolsch,6,
4/13/2008,OFallon Wheach,5,
4/15/2008,OFallon Gold,7,
4/15/2008,Boulevard ZÙn,5,
4/15/2008,Samuel Adams Summer Ale,4,
4/16/2008,Corona Extra,5,
4/16/2008,Youngs Double Chocolate Stout,5,
4/16/2008,Labatt Blue,4,
4/27/2008,Schlafly Export IPA,7,
4/28/2008,Boulevard Lunar Ale,7,
4/28/2008,New Belgium Springboard Ale,5,
4/29/2008,Schlafly BiËre de Garde,8,
4/29/2008,Shock Top Belgian White,5,
5/4/2008,Baltika 9 Krepkoe (Strong),8,
5/9/2008,La Trappe Quadrupel,9,
5/10/2008,Unibroue 17,7,
5/11/2008,St. Bernardus Abt 12,10,
5/28/2008,Manav Karma Beer,6,
5/30/2008,Magic Hat #9,7,
5/30/2008,Magic Hat Odd Notion - Irish Red Ale (Spring 08),7,
5/30/2008,Magic Hat Circus Boy,6,
5/30/2008,Magic Hat Hocus Pocus,6,
6/8/2008,Dominion Ale,6,
6/9/2008,Hacker-Pschorr M¸nchener Gold,7,
6/15/2008,Florisgaarden Framboise,9,
6/15/2008,St. Bernardus Tripel,8,
6/15/2008,Tr?egs Troegenator Doublebock,7,
6/21/2008,Dogfish Head 90 Minute Imperial IPA,4,
6/22/2008,New Holland Lucid Kolsch,6,
6/23/2008,Dogfish Head Black and Blue,9,
6/23/2008,Dinkelacker CD-Pils,8,
6/23/2008,Lagunitas Lumpy Gravy,8,
6/23/2008,Bear Republic Hop Rod Rye Ale,5,
6/23/2008,Sierra Nevada Southern Hemisphere Harvest,3,
6/26/2008,Affligem Tripel,8,
6/26/2008,Leinenkugels Red,4,
6/29/2008,Mendocino Black Hawk Stout,4,
7/2/2008,Capitol City Hefeweizen,9,
7/2/2008,Capitol City Amber Waves Ale,7,
7/2/2008,Capitol City Capitol Kolsch,6,
7/2/2008,Capitol City Pale Rider Ale,6,
7/2/2008,Capitol City Prohibition Porter,5,
7/13/2008,Rogue Morimoto Imperial Pilsner,7,
7/14/2008,Jumping Cow Amber Ale,6,
7/21/2008,Brooklyn Lager,5,
7/22/2008,Gila Monster Amber Lager,7,
7/24/2008,Sagres Chopp,6,
7/24/2008,Magic Hat Lucky Kat,5,
7/25/2008,Kennebunkport Porter,3,
7/26/2008,Samuel Smiths Alpine Lager,7,
8/5/2008,Erdinger Weissbier Dunkel,7,
8/5/2008,Hook and Ladder Backdraft Brown Ale,7,
8/5/2008,Leffe Brune,7,
8/5/2008,Golden Originale 3.5%,6,
8/5/2008,Stone 12th Anniversary Bitter Chocolate Oatmeal Stout,5,
8/5/2008,Dogfish Head Festina Peche,2,
8/7/2008,Hofbr‰u M¸nchen Dunkel,8,
8/7/2008,Sabeco 333 Export,7,
8/7/2008,Hofbrauhaus Berchtesgaden Maibock,6,
8/7/2008,Hofbr‰u M¸nchen Maibock,6,
8/7/2008,Hofbr‰u M¸nchner Sommer Naturtr¸b,3,
8/10/2008,Abbey Brewing Father Theodore's Imperial Stout,7,
8/10/2008,Lost Coast Apricot Wheat,7,
8/13/2008,Trader Joes Vienna Style Lager,5,
8/15/2008,Coopers Premium Lager,7,
8/15/2008,De Dolle Arabier,1,
8/16/2008,Pinkus M¸nstersch Alt,7,
8/18/2008,Yazoo Pale Ale,7,
8/18/2008,Blackstone St. Charles Porter,6,
8/23/2008,Rogue HazelNut Brown Nectar,9,
8/23/2008,Rogue Dead Guy Ale,7,
8/23/2008,Charleville Half Wit Wheat,4,
8/27/2008,Schlafly Oktoberfest,7,
8/27/2008,Third Coast Old Ale,4,
8/29/2008,Boulevard Saison,7,
8/29/2008,Morgan Street Honey Wheat,5,
8/29/2008,Michelob Ultra,4,
8/29/2008,Morgan Street Dark Wheat,4,
8/29/2008,Michelob Light,3,
8/29/2008,Morgan Street Vienna,3,
8/30/2008,Schlafly Pumpkin Ale,7,
9/5/2008,Dundee Original Honey Brown Lager,5,
9/9/2008,Michelob Porter,3,
9/15/2008,Budweiser American Ale,7,
9/15/2008,Il Vicino Brett Pale Ale,4,
9/15/2008,Michelob,4,
9/18/2008,Fort Collins Major Toms Pomegranate Wheat,3,
9/19/2008,Unibroue La Terrible,8,
9/21/2008,Baltika 8 Pshenichnoe (Wheat),8,
9/21/2008,Baltika 3 Klassicheskoe (Classic),7,
9/21/2008,Left Hand Haystack Wheat,6,
9/22/2008,Heather Ales Alba,9,
9/22/2008,Schneider Aventinus Weizen-Eisbock,7,
9/22/2008,Harviestoun Old Engine Oil (Bottle),6,
9/23/2008,Harviestoun Ola Dubh (12 Year Old),9,
9/23/2008,Coniston Old Man Ale (Bottle),6,
9/24/2008,Taiwan Beer,6,
10/3/2008,Delirium NoÎl,9,
10/3/2008,St. Bernardus Prior 8,9,
10/3/2008,Achel 8 Blond,8,
10/3/2008,Westmalle Tripel,8,
10/3/2008,Flag Porter 1825 Original,7,
10/3/2008,Moosbacher Weissbier Dunkel,7,
10/3/2008,Farsons Lacto,5,
10/3/2008,Harveys Elizabethan Ale,4,
10/3/2008,Whitbread Pale Ale (USA),4,
10/5/2008,Weihenstephaner Hefe Weissbier,9,
10/5/2008,Heather Ales Fraoch (Bottle),8,
10/5/2008,Hofbr‰u M¸nchen Oktoberfestbier,7,
10/5/2008,Warsteiner Premium Dunkel,6,
10/7/2008,Leinenkugels Oktoberfest,6,
10/8/2008,Baltika 4 Originalnoe (Original),9,
10/9/2008,BrewDog Paradox Islay (Batch 009),9,
10/9/2008,Belhaven Twisted Thistle IPA (USA),8,
10/9/2008,Nils Oscar Kalas?l,8,
10/9/2008,Shiner Bock,5,
10/10/2008,Pyramid Haywire Hefeweizen,4,
10/15/2008,Schlitz,4,
10/15/2008,Lemp Lager,3,
10/18/2008,Three Floyds Alpha King,5,
10/18/2008,Berghoff Genuine Dark Beer,4,
10/20/2008,Three Floyds Topless Wych,9,
10/20/2008,Two Brothers Cane and Ebel,8,
10/20/2008,Victory Dampf Beer,7,
10/20/2008,Big Sky Moose Drool Brown Ale,6,
10/20/2008,Dogfish Head Punkin Ale,6,
10/23/2008,Samuel Smiths Taddy Porter,8,
10/23/2008,Samuel Smiths Nut Brown Ale,7,
10/23/2008,Samuel Smiths Winter Welcome Ale,7,
10/23/2008,Rogue Chipotle Ale,6,
10/27/2008,Uerige Alt,4,
10/27/2008,Uerige Doppel Sticke,4,
11/4/2008,Blue Moon Full Moon Winter Ale,6,
11/4/2008,Schlafly Christmas Ale,6,
11/4/2008,Boulevard Bully! Porter,5,
11/9/2008,Michelob Irish Red Ale,6,
11/10/2008,Michelob Marzen,6,
11/11/2008,Michelob Pale Ale,5,
11/16/2008,Trader JosÈ Premium Lager,5,
11/18/2008,Shipyard Pumpkinhead Ale,7,
11/18/2008,Trader JosÈ Dark Premium Lager,6,
11/18/2008,Minhas Simpler Times Pilsner,3,
11/21/2008,Odell Isolation Ale,5,
11/21/2008,Sierra Nevada Whiskey Barrel Aged Celebration,4,
11/29/2008,Gordon Biersch Hefeweizen,8,
11/29/2008,Gordon Biersch Schwarzbier,8,
11/29/2008,Gordon Biersch Winter Bock,8,
11/29/2008,Gordon Biersch Golden Export,7,
11/29/2008,Gordon Biersch Czech Pilsner,6,
11/29/2008,Gordon Biersch M‰rzen,6,
12/1/2008,Boulevard Nutcracker Ale,6,
12/6/2008,La Caracole Troublette,9,
12/6/2008,McEwans Scotch Ale,9,
12/6/2008,Il Vicino Slow Down Brown,7,
12/14/2008,Bud Light Lime,4,
12/15/2008,Leinenkugels Fireside Nut Brown Ale,8,
12/15/2008,Hitachino Nest Red Rice Ale,7,
12/15/2008,Hitachino Nest White Ale,4,
12/20/2008,Bells Best Brown Ale,6,
12/20/2008,Sweetwater 420 Extra Pale Ale,6,
12/23/2008,Rogue Santas Private Reserve,5,
12/23/2008,Traquair House Ale,3,
12/23/2008,Orkney Dark Island (Bottle),2,
12/26/2008,Schlafly Barleywine,7,
12/26/2008,Schlafly Oatmeal Stout,7,
12/26/2008,Wychwood Hobgoblin (Pasteurised),7,
12/26/2008,Wychwood Fiddlers Elbow (Pasteurised),6,
12/26/2008,Efes Pilsen (Pilsener),3,
12/27/2008,Rogue Shakespeare Oatmeal Stout,6,
12/28/2008,Abbey Brewing Immaculate IPA,9,
12/28/2008,Ringwood Old Thumper (Cask),9,
12/28/2008,Sierra Nevada Celebration Ale,9,
12/28/2008,St. Bernardus Christmas Ale,8,
12/29/2008,Black Sheep Ale (Bottle),7,
12/29/2008,St. Louis Kriek,6,
12/30/2008,Weltenburger Kloster Asam Bock,8,
1/1/2009,Kona Pipeline Porter,7,
1/1/2009,Rogue Irish Style Lager,7,
1/10/2009,Leinenkugels Creamy Dark,3,
1/14/2009,Left Hand Snow Bound Winter Ale,8,
1/14/2009,Tabernash Dunkel Weiss,8,
1/14/2009,New Belgium Lips of Faith - Dunkelweiss,7,
1/14/2009,Arcadia Balls Porter,6,
1/14/2009,Left Hand Milk Stout,6,
1/16/2009,Schlafly Grand Cru,9,
1/16/2009,Schlafly Spiced Porter,7,
1/16/2009,Schlafly American Brown,5,
1/21/2009,District ChopHouse Amber Ale,7,
1/21/2009,District ChopHouse Dunkelweizen Bock,7,
1/21/2009,District ChopHouse Bourbon Stout,5,
1/21/2009,District ChopHouse Light Lager,5,
1/22/2009,Heather Ales Grozet,8,
1/22/2009,Leinenkugels 1888 Bock,7,
1/25/2009,Square One Bavarian Weizen,9,
1/25/2009,Square One Imperial Stout,9,
1/25/2009,Heather Ales Ebulum,8,
1/25/2009,Square One Barley Wine,8,
1/25/2009,Square One Single Malt Scotch Ale,8,
1/25/2009,Capitol City InaugurAle,7,
1/25/2009,Southern Tier Cherry Saison,7,
1/25/2009,Square One Dubbel,7,
1/25/2009,Square One Spicy Blonde,7,
1/25/2009,Square One Light Squared,6,
1/25/2009,Square One Nut Brown Ale,5,
1/25/2009,Square One Double Pilsner,4,
2/2/2009,Bells Hopslam,7,
2/4/2009,Bells Winter White,6,
2/4/2009,Square One Rauchbier,6,
2/7/2009,Buffalo Drool,8,
2/7/2009,Buffalo Gold,8,
2/7/2009,Odell Easy Street Wheat,8,
2/7/2009,Sierra Nevada Early Spring Beer (ESB),8,
2/7/2009,Buffalo ESB,7,
2/7/2009,Buffalo Extra Stout,7,
2/7/2009,Buffalo APA,6,
2/7/2009,Buffalo Red,5,
2/8/2009,Okocim Porter,6,
2/8/2009,Samuel Adams Blackberry Witbier,3,
2/9/2009,Reunion - A Beer For Hope 2008,8,
2/10/2009,Morgan Street Pumpkin Honey Wheat,6,
2/13/2009,Arcadia Pappy's Big Dick Bourbon Barrel Olde Ale,8,
2/15/2009,Arcadia Big Dicks Olde Ale,8,
2/15/2009,Ray Hills American Pilsner,7,
2/18/2009,Arcadia London Porter,5,
2/18/2009,North Coast Old Rasputin Russian Imperial Stout,5,
2/18/2009,Arcadia Nut Brown Ale,4,
2/26/2009,Haandbryggeriet Dark Force,8,
2/26/2009,Schloss Eggenberg Samichlaus Bier Helles,8,
2/26/2009,Bells Bourbon Barrel Double Cream/Expedition Stout,7,
2/26/2009,Guinness Draught,6,
3/1/2009,Mattingly HOPtimal Munition APA,8,
3/1/2009,District ChopHouse Spring Bock,7,
3/1/2009,Mattingly 1984 Golden Ale,5,
3/1/2009,Mattingly BrightSide Belgian White,5,
3/16/2009,Sierra Nevada Torpedo Extra IPA,8,
3/16/2009,K?nig Pilsener (Germany),6,
3/16/2009,Maisels Weisse Hell,6,
3/16/2009,Tegernseer Spezial,6,
3/16/2009,Maisels Weisse Dunkel,5,
3/16/2009,Staropramen Leû·k (Premium Lager) 12∞,5,
3/16/2009,Hambleton Nightmare,4,
3/16/2009,Becks Gold,3,
3/21/2009,Lemke Pilsner,9,
3/21/2009,Lemke M‰rzen,8,
3/21/2009,Lemke Hefeweizen Hell,7,
3/21/2009,Lemke Original,6,
3/21/2009,Fox and Hound Red Fox Amber Ale,5,
3/21/2009,Marcus-Br‰u Pils Filtriert,3,
3/21/2009,Charleville Tornado Alley Amber Ale,2,
3/21/2009,Marcus-Br‰u Preussen Dunkel,1,
3/24/2009,Charleville Tripel Wit,6,
4/1/2009,Breckenridge Pandoras Bock,5,
4/18/2009,Schlafly Helles,6,
4/18/2009,Sierra Nevada Summerfest,6,
4/22/2009,Leinenkugels Classic Amber,5,
4/23/2009,Granite City Brother Benedicts Mai Bock,7,
4/23/2009,Granite City Duke of Wellington India Pale Ale,7,
4/23/2009,Granite City Two-Pull! Specialty Brew,7,
4/23/2009,Granite City Northern Light,5,
4/23/2009,Granite City Broad Axe Stout,4,
4/28/2009,New Belgium Lips of Faith - Biere de Mars,8,
4/28/2009,Samuel Adams LongShot Traditional Bock,5,
4/28/2009,Samuel Adams LongShot Cranberry Wit,4,
4/30/2009,Samuel Adams LongShot Double IPA,5,
5/3/2009,Baileys Chocolate Bar Chocolate Ale,8,
5/3/2009,Charleville Maibock Lager,8,
5/3/2009,Mattingly Cardinal Direction Abbey Dubbel,8,
5/3/2009,Odell India Pale Ale (IPA),8,
5/3/2009,Erdinger Weissbier (Hefe-Weizen),7,
5/3/2009,New Holland Rauch Hatter,7,
5/3/2009,Pyramid Audacious Apricot Ale,7,
5/3/2009,Sierra Nevada Wheat,7,
5/3/2009,Tommyknocker Butt Head Bock,7,
5/3/2009,Two Hearted Ale,7,
5/3/2009,Woodchuck Dark and Dry 802 Draft Cider,7,
5/3/2009,Anderson Valley Deep Enders Dark Porter,6,
5/3/2009,Augusta 1856 IPA,6,
5/3/2009,Bards Tale Dragons Gold,6,
5/3/2009,Bells Oberon Ale,6,
5/3/2009,Buckner Pale Ale,6,
5/3/2009,Coney Island Human Blockhead,6,
5/3/2009,Mattingly Black Dawn Coffee Porter,6,
5/3/2009,Mattingly Black Sky Stout Porter,6,
5/3/2009,Mattingly Homeward Brown,6,
5/3/2009,Morgan Street Golden Pilsner,6,
5/3/2009,Morgan Street Irish Stout,6,
5/3/2009,Ommegang Rare Vos,6,
5/3/2009,Southern Tier Un*Earthly,6,
5/3/2009,Tin Mill Doppelbock Beer,6,
5/3/2009,Tin Mill Maibock Beer,6,
5/3/2009,Augusta Hyde Park Stout,5,
5/3/2009,Augusta Tannhauser Pale Ale,5,
5/3/2009,Cider Jack Hard Cider,5,
5/3/2009,Coney Island Sword Swallower Steel Hop Lager,5,
5/3/2009,Dundee Pale Bock Lager,5,
5/3/2009,Ommegang Witte,5,
5/3/2009,Shipyard Fuggles IPA,5,
5/3/2009,Tin Mill Hefe-Weizen Beer,5,
5/3/2009,Tin Mill Skyscraper,5,
5/3/2009,Augusta Alpen Brau Pilsner,4,
5/3/2009,Buckner Belgian Witbier,4,
5/3/2009,Buckner Honey Wheat,4,
5/3/2009,Morgan Street Maibock,4,
5/3/2009,New Holland The Poet,4,
5/3/2009,Coney Island Albino Python,3,
5/3/2009,Morgan Street Decadence,3,
5/3/2009,Hambleton Toleration,2,
5/9/2009,Anderson Valley Hop Ottin IPA,9,
5/9/2009,Bear Republic The Grizz,9,
5/9/2009,Boulevard Boss Tom's Golden Bock,7,
5/9/2009,BrewDog The Physics,7,
5/9/2009,Saison Dupont Vieille Provision,7,
5/9/2009,Avery New World Porter,6,
5/9/2009,Sierra Nevada Bigfoot,6,
5/9/2009,North Coast Brother Thelonious,5,
5/13/2009,Kruöovice ?erne,8,
5/13/2009,Rothaus Pils Tannen Z‰pfle,6,
5/13/2009,Schlafly Bavarian Wheat,6,
5/13/2009,Berliner Pilsner,5,
5/15/2009,Left Hand Wake Up Dead Barrel-Aged Imperial Stout,7,
5/15/2009,Maredsous 8 Brune,7,
5/15/2009,Lefebvre Blanche de Bruxelles,5,
5/18/2009,Spanish Peaks Crystal Weiss,6,
5/21/2009,Abbey Brewing Brother Dans Double,8,
5/21/2009,Brooklyn Local 1,8,
5/21/2009,Abbey Brewing Friar Frank's Benediction Bock,5,
5/23/2009,Stone Pale Ale,8,
5/23/2009,Left Hand Sawtooth Ale,7,
5/26/2009,Monk in the Trunk Organic Amber Ale,10,
5/26/2009,Lost Coast Downtown Brown,9,
5/26/2009,Highland Gaelic Ale,8,
5/26/2009,Titanic Brewing Dubbel Trouble,7,
5/26/2009,Titanic Brewing Whitecap Wheat,7,
5/26/2009,Stone Smoked Porter,6,
5/26/2009,Indian River Amberjack,5,
5/26/2009,Titanic Brewing White Star India Pale Ale,5,
5/26/2009,Titanic Brewing Boiler Room Nut Brown Ale,4,
5/26/2009,Titanic Brewing Shipbuilders Oatmeal Stout,4,
5/26/2009,Titanic Brewing Britannic Best Bitter,3,
5/26/2009,Titanic Brewing Triple Screw Light Ale,3,
5/28/2009,Full Sail Pale Ale,6,
5/28/2009,Otter Creek Copper Ale,6,
5/28/2009,Whole Foods Old Plowshare Stout,5,
5/29/2009,Avery The Beast Grand Cru Ale,6,
5/30/2009,Heavy Seas Loose Cannon Hop3,9,
5/30/2009,Oskar Blues Old Chub,4,
5/30/2009,St. John Brewers Virgin Islands Tropical Mango Pale Ale,3,
5/31/2009,Stone Ruination IPA,7,
6/1/2009,Blue Point Toasted Lager,5,
6/3/2009,Penn Dark Lager Beer,6,
6/4/2009,Terrapin Wake-n-Bake Coffee Oatmeal Imperial Stout,8,
6/5/2009,Terrapin Rye Pale Ale,7,
6/5/2009,Greens Discovery,6,
6/5/2009,Great Divide St. Bridgets Porter (St. Brigids),5,
6/5/2009,Cave Creek Chili Beer,1,
6/6/2009,St. Bernardus Pater 6,8,
6/7/2009,Dogfish Head 60 Minute IPA,9,
6/7/2009,Bush AmbrÈe (Scaldis),6,
6/7/2009,Mendocino Red Tail Ale,4,
6/8/2009,Schloss Eggenberg Doppelbock Dunkel,7,
6/9/2009,Rogue Double Dead Guy Ale,7,
6/9/2009,Arrogant Bastard Ale,6,
6/14/2009,Capitol City Belgian Saison,6,
6/14/2009,Capitol City Nut Brown Ale,6,
6/15/2009,Hitachino Nest Japanese Classic Ale,7,
6/15/2009,Hitachino Nest Weizen,5,
6/19/2009,Ziegen Bock Amber,5,
6/21/2009,Avery Redpoint Ale,6,
6/21/2009,Mad River Steelhead Scotch Porter,5,
6/22/2009,Affligem Blonde,8,
6/23/2009,Tusker Lager,6,
6/24/2009,Prestige Lager,5,
6/24/2009,Dogfish Head 120 Minute IPA,4,
6/25/2009,Corsendonk Pater (Abbey Brown Ale),7,
6/25/2009,Iron City Beer,7,
6/25/2009,Holy Mackerel Mack in Black,5,
6/28/2009,Uinta Anglers Pale Ale,8,
6/28/2009,Innis & Gunn Oak Aged Beer,7,
6/28/2009,Blue Point Rastafa Rye Ale,6,
6/28/2009,Victory Wild Devil Ale,6,
6/28/2009,Lion Stout,4,
6/28/2009,Victory Abbey 6,4,
7/3/2009,Hacker-Pschorr Oktoberfest M‰rzen,7,
7/8/2009,Chang Beer,6,
7/9/2009,Cathedral Square Belgian-Style White Ale,8,
7/9/2009,Wychwood Hobgoblin (Cask),8,
7/9/2009,Augusta Farmhouse Saison,7,
7/9/2009,Gruhlke's Kirly's Chubby Stout,7,
7/9/2009,St Peters G-Free,7,
7/9/2009,Buckner Mocha Stout,6,
7/9/2009,Cathedral Square Belgian-Style Abbey Ale,6,
7/9/2009,St Peters Old Style Porter,6,
7/9/2009,Dundee Eddie's Brown,5,
7/9/2009,Gruhlke's Kirly's Cream Ale,4,
7/9/2009,Gruhlke's Missouri Wheat,3,
7/9/2009,Tommyknocker Jack Whacker Wheat Ale,3,
7/9/2009,Gruhlke's I'll Be Bock,1,
7/10/2009,Tommyknocker Pick Axe Pale Ale,7,
7/10/2009,Avery 14er ESB,5,
7/10/2009,Gordon Biersch SommerBrau,3,
7/11/2009,Avery White Rascal,6,
7/11/2009,Great Divide Hercules Double IPA,6,
7/11/2009,Lost Coast Indica India Pale Ale,6,
7/11/2009,Banks Beer (Barbados),5,
7/18/2009,Brooklyn Summer Ale,6,
7/24/2009,Blue Point Hoptical Illusion,4,
7/28/2009,Long Trail Brewmaster Series Double IPA,5,
8/2/2009,River Horse Tripel Horse,8,
8/2/2009,Stone Levitation Ale,8,
8/2/2009,Flying Fish Exit 11,7,
8/2/2009,Tr?egs Nugget Nectar Ale,6,
8/2/2009,Victory Golden Monkey,6,
8/2/2009,Arcadia Whitsun,2,
8/13/2009,Victory Baltic Thunder,6,
8/16/2009,Almaza Pilsener,8,
8/16/2009,Birra Moretti,7,
8/16/2009,Genesee Cream Ale,6,
8/30/2009,Dogfish Head Sahtea,8,
8/30/2009,Goose Island Summertime,5,
9/4/2009,Guinness 250 Anniversary Stout,7,
9/19/2009,Carib Royal Extra Stout,8,
9/19/2009,Dogfish Head Palo Santo Marron,7,
9/19/2009,Capitol City Double Amber,6,
9/19/2009,Saranac Black Forest,6,
9/30/2009,Southern Tier Pumking,7,
9/30/2009,Samuel Smiths Organic Raspberry Fruit Beer,6,
10/7/2009,River Horse Special Ale,6,
10/11/2009,Goose Island Matilda,9,
10/11/2009,Gaffel K?lsch,8,
10/11/2009,Uinta Organic Punkn,8,
10/11/2009,Great Divide Titan IPA,7,
10/11/2009,Ramstein Double Platinum Blonde,7,
10/11/2009,Lagunitas A Little Sumpin' Extra! Ale,6,
10/11/2009,Sixpoint Sweet Action,6,
10/11/2009,Beck's Oktoberfest,5,
10/11/2009,Goose Island Pere Jacques,5,
10/11/2009,Smuttynose Pumpkin Ale,5,
10/11/2009,1809 Berliner Style Weisse,4,
10/11/2009,Ithaca Apricot Wheat,4,
11/25/2009,Tr?egs The Mad Elf Holiday Ale,8,
11/25/2009,Victory Moonglow Weizenbock,8,
11/25/2009,Butternuts Moo Thunder,7,
11/25/2009,Dogfish Head Chicory Stout,6,
11/25/2009,Long Trail Hibernator,6,
11/25/2009,Butternuts Heinnieweisse,4,
11/25/2009,Butternuts Snapperhead IPA,4,
11/25/2009,Bud Light Golden Wheat,2,
11/28/2009,Brooklyner Weisse,9,
11/28/2009,Wolavers Organic Alta Gracia Coffee Porter,9,
11/28/2009,Anchor Our Special Ale (2001 and earlier),8,
11/28/2009,Cape Ann Fishermans Ale,6,
11/28/2009,Sixpoint Righteous Ale,6,
11/28/2009,Anderson Valley Brother Davids Double,4,
11/28/2009,Shipyard Prelude Ale,4,
12/11/2009,Carlow O'Haras Celtic Stout,8,
12/11/2009,McSorleys Irish Black Lager,8,
12/11/2009,McSorleys Ale,7,
12/11/2009,Southern Tier Choklat,7,
1/5/2010,Pups Pommeau de Normandie,9,
1/5/2010,Brooklyn Blast,8,
1/5/2010,Shawnee Craft Traditional Brown Porter,8,
1/5/2010,Chelsea The Tsars Revenge Imperial Stout,7,
1/5/2010,Erie Brewing Railbender Ale,7,
1/5/2010,Green Flash Hop Head Red,7,
1/5/2010,Goose Island Mild Winter,6,
1/5/2010,Nova Paka Gran·t,6,
1/5/2010,Allagash Tripel Reserve,5,
1/5/2010,Brooklyn Black Chocolate Stout,5,
1/5/2010,Harpoon Chocolate Stout,5,
1/5/2010,Southern Tier Krampus,5,
1/9/2010,Oskar Blues G'Knight (Gordon),7,
1/9/2010,Maredsous 10 Tripel,6,
1/9/2010,Starr Hill The Love,6,
1/13/2010,Aecht Schlenkerla Rauchbier Urbock,8,
1/31/2010,Otter Creek Quercus Vitis Humulus,7,
1/31/2010,Captain Lawrence Double IPA,6,
2/6/2010,Broughton Old Jock Ale (Bottle),6,
2/13/2010,Otter Creek Imperial India Pale Ale,7,
2/24/2010,Goose Island Sofie,8,
2/24/2010,New Holland Full Circle,7,
2/24/2010,WinterCoat India Gold IPA,7,
2/24/2010,Yards Brawler,7,
2/24/2010,Founders Reds Rye P.A.,6,
2/24/2010,Samuel Adams Noble Pils,6,
2/24/2010,Victory Harvest Ale,6,
2/24/2010,River Horse Belgian Freeze Winter Ale,4,
2/24/2010,Rogue Yellow Snow IPA,4,
2/28/2010,Great Divide Oak Aged Yeti Imperial Stout,9,
2/28/2010,Dieu du Ciel PÈchÈ Mortel,8,
3/7/2010,Glazen Toren Saison dErpe-Mere Speciaal Eindejaar,9,
3/7/2010,Stone Old Guardian (Vintages 2004 and later),8,
3/18/2010,Saranac Irish Red Ale,6,
3/18/2010,Samuel Adams Coastal Wheat,3,
4/3/2010,Two Brothers The Bitter End Pale Ale,7,
4/3/2010,White Horse Village Idiot,6,
4/3/2010,Brooklyn Dark Matter,5,
4/3/2010,New Holland Dragons Milk,5,
4/3/2010,Tooheys New,5,
4/10/2010,Zywiec Jasne Pelne (Beer),5,
4/14/2010,Flying Dog Raging Bitch,8,
4/14/2010,Peak Organic Espresso Amber Ale,7,
4/14/2010,Rebel Zlat˝,6,
4/14/2010,Kirkland Signature Pale Ale,4,
4/14/2010,Ace Joker Dry Hard Cider,3,
5/2/2010,Heartland Farmer Jons Oatmeal Stout,8,
5/2/2010,Heartland Imperial IPA,8,
5/2/2010,Heartland Wildflower Wheat,8,
5/2/2010,Heartland Empire State Premium,7,
5/2/2010,Heartland Indian River Light Ale,7,
5/2/2010,Heartland Indiana Pale Ale,7,
5/2/2010,Southampton Double White Ale,7,
5/2/2010,Heartland Red Rooster Ale,6,
5/2/2010,Heartland Harvest Wheat,5,
5/2/2010,Victory Donnybrook Stout,5,
5/2/2010,Heartland Cornhusker Lager,4,
5/22/2010,Hofbr‰u M¸nchen Original,6,
5/27/2010,Hofbr‰uhaus Traunstein Weiﬂbier,9,
5/27/2010,Hofbr‰uhaus Traunstein Dunkel,8,
5/27/2010,Spaten Maibock,7,
5/27/2010,Kira Wit,6,
5/27/2010,Long Ireland Celtic Ale,6,
5/27/2010,Schneider Georg Schneiders Wiesen Edel-Weisse,6,
5/27/2010,Stone Sublimely Self Righteous Ale,6,
6/5/2010,Southampton Bohemian Pilsner,7,
6/19/2010,Peak Organic Pale Ale,10,
6/19/2010,21st Amendment Hell or High Watermelon Wheat,8,
6/19/2010,Nebraska Brewing Company Reserve Series Melange a Trois,8,
6/19/2010,Peak Organic Summer Session Ale,8,
6/19/2010,Ithaca Ground Break Saison,7,
6/19/2010,Lake Placid Ubu Ale,7,
6/19/2010,Nebraska Brewing Company Cardinal Pale Ale,7,
6/19/2010,Peak Organic IPA,7,
6/19/2010,Speakeasy Hunters Point Porter Bourbon Barrel Aged,7,
6/19/2010,Strangford Lough St. Patricks Best,7,
6/19/2010,Ithaca Excelsior! alpHalpHa,6,
6/19/2010,Middle Ages Swallow Wit,6,
6/19/2010,Sierra Nevada 30th Anniversary Fritz & Kens Ale,6,
6/19/2010,The Peekskill Brewery's Hop Common,6,
6/19/2010,Thomas Hooker Watermelon Ale,6,
6/19/2010,Two Brothers Domaine DuPage,6,
6/19/2010,Cape Ann Fishermans Brew,5,
6/19/2010,Defiant Muddy Creek Lager,5,
6/19/2010,Cape Ann Fishermans Bavarian Wheat Ale,4,
6/19/2010,Heartland Sumatra Porter,3,
6/28/2010,BorÈale Noire,9,
6/28/2010,RÈservoir India Pale Ale,9,
6/28/2010,Unibroue Raftman,9,
6/28/2010,Benelux GaÔa,8,
6/28/2010,Benelux Lux Blonde (Ale Blonde),8,
6/28/2010,Benelux Yakima (Pale Ale AmÈricaine),8,
6/28/2010,LAmËre ‡ Boire Imperial Stout,8,
6/28/2010,Benelux Cream Ale aux Abricots,7,
6/28/2010,Benelux Cuda (IPA AmÈricaine),7,
6/28/2010,Benelux Ganzfeld,7,
6/28/2010,Dieu du Ciel Aphrodisiaque,7,
6/28/2010,Dieu du Ciel Basse Messe,7,
6/28/2010,Dieu du Ciel Cascade Blanche,7,
6/28/2010,Dieu du Ciel Fumisterie,7,
6/28/2010,Dieu du Ciel PaÔenne,7,
6/28/2010,L AmbrÈe des 3 Brasseurs,7,
6/28/2010,Micro de Bromont Chanvre Rouge,7,
6/28/2010,RÈservoir Cream Ale,7,
6/28/2010,RÈservoir Munich,7,
6/28/2010,Benelux Zoot Triple,6,
6/28/2010,BorÈale Rousse,6,
6/28/2010,Dieu du Ciel CharbonniËre,6,
6/28/2010,Dieu du Ciel Solstice d'…tÈ aux Framboises,6,
6/28/2010,F¸rstenberg Hefeweizen Dunkel,6,
6/28/2010,LAmËre ‡† Boire Cerna Hora,6,
6/28/2010,LAmËre ‡† Boire Drak,6,
6/28/2010,LAmËre ‡† Boire Fin de SiËcle,6,
6/28/2010,LAmËre ‡† Boire Odense Porter,6,
6/28/2010,La Blonde des 3 Brasseurs,6,
6/28/2010,RÈservoir Blanche,6,
6/28/2010,RÈservoir Noire ‡† l'Avoine,6,
6/28/2010,RÈservoir Pilsner,6,
6/28/2010,Benelux Novis,5,
6/28/2010,Benelux Strato,5,
6/28/2010,Dieu du Ciel DÈesse Nocturne,5,
6/28/2010,Dieu du Ciel PÈnombre,5,
6/28/2010,Dieu du Ciel Revenante,5,
6/28/2010,Dieu du Ciel Rigor Mortis Blonde,5,
6/28/2010,Dieu du Ciel Vaisseau des Songes,5,
6/28/2010,Koulu Boris Orlo Pilsener,5,
6/28/2010,LAmËre ‡† Boire Elephant 10∞,5,
6/28/2010,LAmËre ‡† Boire Hefeweizen Naturtrub,5,
6/28/2010,LAmËre ‡† Boire M¸esli,5,
6/28/2010,La Scotch des 3 Brasseurs (Brune),5,
6/28/2010,Benelux Eponyme,4,
6/28/2010,BorÈale Blonde,4,
6/28/2010,Dieu du Ciel Caserne 30,4,
6/28/2010,Dieu du Ciel GaÈlique,4,
6/28/2010,Dieu du Ciel Route des …pices,4,
6/28/2010,La Blanche de Lille,4,
6/28/2010,Alexander Keiths India Pale Ale,2,
7/19/2010,Brooklyn Black Ops,7,
7/19/2010,Frankenheim Alt,7,
7/19/2010,Gayant BiËre du DÈmon,7,
7/19/2010,Duvel Groen,6,
7/19/2010,Kronenbourg,6,
7/19/2010,Newcastle Summer Ale,5,
7/19/2010,Amsterdam Navigator,4,
7/19/2010,EKU 28,4,
7/19/2010,Amsterdam Maximator,3,
7/24/2010,Dogfish Head Theobroma,9,
7/24/2010,Birra del Borgo My Antonia,8,
7/24/2010,Dogfish Head Raison D Etre,8,
7/24/2010,Capitol City Belgian Pale Ale,7,
7/24/2010,Dogfish Head 75 Minute IPA (Cask/Bottle),7,
7/24/2010,Dogfish Head Lawnmower Light,7,
7/24/2010,Dogfish Head Shelter Pale Ale,7,
7/24/2010,Dogfish Head World Wide Stout 2001/2003-Present (18%),7,
8/20/2010,Bosteels Pauwel Kwak (Dark),8,
8/20/2010,Southern Tier Creme Brulee Stout,8,
8/20/2010,Tripel Karmeliet,8,
8/20/2010,Abita Jockamo IPA,7,
8/20/2010,Harpoon 100 Barrel Series #32 - Potts Landbier,7,
8/20/2010,Southern Tier Hop Sun,7,
9/2/2010,Ithaca Cascazilla,8,
9/2/2010,Ettaler Kloster Dunkel,3,
9/15/2010,Flying Fish Exit 16 WE,8,
9/15/2010,Lindemans Apple (Pomme),8,
9/15/2010,Sixpoint Belgian Rye-PA,8,
9/15/2010,Brooklyn Detonation Ale,7,
9/15/2010,Dogfish Head Victory Stone Saison Du BUFF,7,
9/15/2010,Fischer PÍcheur,6,
9/15/2010,Magic Hat Hex,6,
9/15/2010,Sierra Nevada Tumbler Autumn Brown Ale,6,
9/15/2010,"Capitol City Red, Wheat and Blue",5,
9/15/2010,Harpoon 100 Barrel Series #31 - Single Hop ESB,5,
9/15/2010,Sixpoint Otis,5,
9/15/2010,Chelsea Blackhole XXX Stout,4,
9/15/2010,Anker Bir,3,
9/19/2010,Hofbr‰uhaus Traunstein Export-Hell,8,
9/19/2010,Hofbr‰uhaus Traunstein Hofbr‰u Leicht,8,
9/19/2010,Dicks Silk Lady,7,
9/19/2010,Hofbr‰uhaus Traunstein 1612er Zwickelbier,7,
9/19/2010,Lagunitas A Little Sumpin' Wild Ale,7,
9/19/2010,Rochefort Trappistes 10,7,
9/19/2010,Kuhnhennn White Devil,6,
9/19/2010,Meantime Coffee Porter,6,
9/27/2010,Flying Fish Exit 6,8,
9/27/2010,New Belgium Ranger IPA,8,
9/27/2010,Founders Nemesis 2010,7,
9/27/2010,Southern Tier Phin & Matts Extraordinary Ale,7,
9/27/2010,Bayerischer Bahnhof Original Leipziger Gose,6,
9/27/2010,New Belgium Hoptober Golden Ale,6,
10/21/2010,Southampton Octoberfest Lager,8,
10/21/2010,Stone Dogfish Head Victory Saison Du BUFF,8,
10/21/2010,Chelsea Pier 59 Pale Ale,7,
10/21/2010,Chelsea Sunset Red Ale,7,
10/21/2010,Cigar City Tocobaga Red Ale,7,
10/21/2010,Long Trail Brewmaster Series Imperial Porter,7,
10/21/2010,Cigar City Jai Alai India Pale Ale,6,
10/21/2010,Southampton Espresso Stout,5,
10/21/2010,Southampton Pumpkin Ale,5,
10/21/2010,Widmer Brothers Drifter Pale Ale,5,
10/21/2010,Schaefer,4,
10/21/2010,Ommegang Zuur,1,
10/21/2010,Southampton Imperial Russian Stout,1,
10/22/2010,Jolly Pumpkin Oro de Calabaza,6,
10/23/2010,Stone 10.10.10 Vertical Epic Ale,8,
10/29/2010,Southern Tier CuvÈe Series 2,8,
10/29/2010,Ballast Point Sculpin IPA,7,
11/1/2010,Ommegang Belgian-style Pale Ale (BPA),7,
11/1/2010,Harpoon Munich Dark,6,
11/1/2010,Lancaster Hop Hog IPA,6,
11/1/2010,Speakeasy Prohibition Ale,6,
11/2/2010,Belfast Bay McGoverns Oatmeal Stout,7,
11/2/2010,Greenport Harbor Black Duck Porter,7,
11/2/2010,Saranac Pumpkin Ale,7,
11/2/2010,Buffalo Bills America's Original Pumpkin Ale,6,
11/2/2010,Fire Island Red Wagon IPA,6,
11/6/2010,Cricket Hill Fall Festivus,7,
11/6/2010,Flying Fish OktoberFish,7,
11/6/2010,Left Hand Oktoberfest,7,
11/6/2010,River Horse Hipp-O-Lantern Imperial Pumpkin Ale,7,
11/6/2010,Yards Extra Special Ale,7,
11/6/2010,Yards Thomas Jefferson Tavern Ale,6,
11/10/2010,Erie Brewing Mad Anthonys Pale Ale,7,
11/15/2010,Brooklyn Cuvee Noire,9,
11/15/2010,J.W. Lees Harvest Ale (Port),4,
11/21/2010,River Horse Hopalotamus,7,
11/21/2010,Sierra Nevada Estate Homegrown Ale,7,
11/30/2010,Mikkeller Santas Little Helper 2010,6,
11/30/2010,Wells Bombardier (Pasteurised),6,
11/30/2010,t Hofbrouwerijke Hofblues,6,
11/30/2010,Founders Backwoods Bastard,5,
11/30/2010,Phillips Amber Ale,5,
11/30/2010,Sweetwater IPA,5,
11/30/2010,Sweetwater Sch'Wheat,5,
12/27/2010,Boulder Beer Cold Hop,8,
12/27/2010,Southern Tier Harvest Ale,8,
12/27/2010,White Birch Tripel,8,
12/27/2010,Southern Tier Old Man Winter Ale,7,
12/27/2010,Boulder Beer Obovoid Oak-Aged Oatmeal Stout,6,
12/27/2010,Great Divide Rumble,6,
12/27/2010,White Birch Belgian Style Pale Ale,6,
12/27/2010,Captain Lawrence Espresso Stout,5,
12/27/2010,North Coast Old Stock Ale,5,
12/27/2010,Sixpoint Sehr Crisp Pilsner,4,
12/27/2010,Wells Banana Bread Beer (Bottle),4,
12/27/2010,Jolly Pumpkin Weizen Bam,3,
12/27/2010,Peak Organic Nut Brown Ale,1,
1/9/2011,Ithaca Cold Front,7,
1/9/2011,Pennichuck Saint Florian Doppelbock,7,
1/9/2011,Allagash Interlude,6,
1/9/2011,Brooklyn Brown Ale,6,
1/9/2011,Harpoon Winter Warmer,5,
1/18/2011,Mikkeller Single Hop Tomahawk IPA,7,
1/18/2011,Davidson Brothers Irish Red,6,
1/18/2011,Davidson Brothers Oatmeal Stout,6,
1/18/2011,Mikkeller Single Hop Amarillo IPA,6,
2/3/2011,Weyerbacher Quad,9,
2/3/2011,Boaks Monster Mash Imperial Stout,7,
2/3/2011,Left Hand Fade To Black Vol. 2,7,
2/3/2011,Long Trail Pale Ale,7,
2/3/2011,Weyerbacher Winter Ale,7,
2/3/2011,Yards General Washington Tavern Porter,7,
2/3/2011,Lancaster Winter Warmer,6,
2/3/2011,Magic Hat Vinyl,6,
2/3/2011,Spaten Premium Bock,6,
2/3/2011,Full Sail Session Premium Lager,4,
2/3/2011,Samuel Adams Imperial Series Imperial Stout,3,
2/25/2011,South Street Satans Pony Amber,8,
2/25/2011,Atwater Vanilla Java Porter,7,
2/25/2011,Fresh Beer Native 11 Brown,7,
2/25/2011,Sierra Nevada Glissade Golden Bock,7,
2/25/2011,South Street Absolution Ale,7,
2/25/2011,South Street Belgian Trippel,7,
2/25/2011,South Street Liberation Lager,7,
2/25/2011,Mission Street Pale Ale,6,
2/25/2011,South Street JP Ale,6,
2/25/2011,Swiss Beer Collection No /00/26,6,
2/25/2011,Mission Street Blonde Ale,5,
2/25/2011,South Street Porters Porter,4,
2/25/2011,South Street ESB,2,
2/26/2011,Left Hand Imperial Stout,7,
2/26/2011,Nebraska Brewing Company Infinite Wit,7,
2/26/2011,Nectar Ales Red Nectar,7,
2/26/2011,Chelsea Frostys Winter Wheat Wine,6,
2/26/2011,Defiant Baron Von Weizen,6,
2/26/2011,Otter Creek Stovepipe Porter,6,
2/26/2011,Tr?egs HopBack Amber Ale,6,
2/26/2011,Little Yeoman Pale Ale,5,
2/26/2011,Little Yeoman Porter,5,
2/26/2011,Rogue Mogul Madness,5,
2/26/2011,Cisco Grey Lady,4,
2/26/2011,Ridgeway Reindeers Revolt,3,
3/9/2011,Abita Andygator,7,
3/9/2011,Crescent City Pilsener,7,
3/9/2011,Crescent City Spring Bock,7,
3/9/2011,Heiner Brau K?lsch,7,
3/9/2011,Abita Strawberry Harvest Lager,6,
3/9/2011,Crescent City Black Forest,6,
3/9/2011,Crescent City Red Stallion,6,
3/9/2011,Abita Bock,5,
3/9/2011,Dixie Beer,5,
3/9/2011,Magic Hat Odd Notion - American Wheat IPA (Spring 10),5,
3/9/2011,Blue Moon Spring Blonde Wheat Ale,4,
3/9/2011,Crescent City Weiss,3,
3/25/2011,Ithaca Gorges Smoked Porter,9,
3/25/2011,Ithaca Nut Brown,7,
3/25/2011,Ithaca Excelsior! Thirteen,6,
3/25/2011,Ithaca Flower Power IPA,6,
3/25/2011,Ithaca Pale Ale,5,
3/25/2011,Breckenridge Oatmeal Stout,4,
3/29/2011,Franziskaner Hefe-Weissbier,8,
3/29/2011,Rochefort Trappistes 8,7,
3/29/2011,Schneider Aventinus,7,
3/29/2011,Sierra Nevada Pale Ale (Draft),7,
3/29/2011,Ayinger Celebrator Doppelbock,6,
3/29/2011,Guinness Original / Extra Stout (Ireland/UK),6,
3/29/2011,Peroni,6,
3/29/2011,Smuttynose Old Brown Dog,6,
3/29/2011,Victory HopDevil,6,
3/29/2011,Asahi Super Dry,5,
3/29/2011,Boddingtons Draught Bitter (Can),5,
3/29/2011,Coors Original,5,
3/29/2011,Dos Equis XX Special Lager,5,
3/29/2011,Kingfisher Lager,5,
3/29/2011,L?wenbr‰u Original,5,
3/29/2011,Modelo Especial,5,
3/29/2011,Negra Modelo,5,
3/29/2011,Samuel Adams Boston Ale,5,
3/29/2011,Warsteiner Premium Verum,5,
3/29/2011,Anchor Steam Beer,4,
3/29/2011,Bitburger Premium Pils,4,
3/29/2011,Blue Moon Harvest Moon Pumpkin Ale,4,
3/29/2011,Blue Moon Honey Moon Summer Ale,4,
3/29/2011,Coopers Original Pale Ale,4,
3/29/2011,Coopers Sparkling Ale,4,
3/29/2011,Dos Equis XX Ambar,4,
3/29/2011,Michelob AmberBock,4,
3/29/2011,Mickeys Fine Malt Liquor,4,
3/29/2011,Pacifico Clara,4,
3/29/2011,Samuel Adams Cream Stout,4,
3/29/2011,Samuel Adams Hefeweizen,4,
3/29/2011,Tecate,4,
3/29/2011,Widmer Brothers Hefeweizen,4,
3/29/2011,Amstel Lager,3,
3/29/2011,Amstel Light,3,
3/29/2011,Corona Light,3,
3/29/2011,Labatt Blue Light,3,
3/29/2011,Miller Genuine Draft Light (MGD Light),3,
3/29/2011,Colt 45 8 %,2,
3/29/2011,Heineken Premium Light,2,
3/29/2011,Leinenkugels Summer Shandy,2,
3/29/2011,Sol (Mexico),2,
3/29/2011,Busch Light,1,
3/29/2011,Icehouse,1,
3/29/2011,Keystone Ice,1,
3/29/2011,Milwaukees Best Light,1,
3/29/2011,Natural Ice,1,
3/29/2011,Olde English 800,1,
3/29/2011,Steel Reserve 211 High Gravity,1,
5/3/2011,De Molen Storm & Averij (Storm & Damage),8,
5/3/2011,Founders Devil Dancer Triple IPA,8,
5/3/2011,Menabrea 150∞ Anniversario Bionda,8,
5/3/2011,Victory Braumeister Pils,7,
5/3/2011,Blue Point Spring Fling,6,
5/3/2011,Carlsberg Lager,6,
5/3/2011,Greenport Havre Rouge,6,
5/3/2011,Pilsner Urquell,6,
5/3/2011,Breckenridge Lucky U IPA,5,
5/3/2011,Lagunitas Pils,5,
5/3/2011,Sly Fox Gang Aft Agley Scotch Ale,5,
5/3/2011,The Bruery Rugbr¯d,5,
5/3/2011,Yazoo Dos Perros,5,
5/3/2011,Barrier Antagonist ESB,4,
5/3/2011,Barrier Belgian1,4,
6/12/2011,Duvel Tripel Hop,8,
6/12/2011,Grieskirchner J?rger Weisse Hell,8,
6/12/2011,Licher Weizen Hefe Hell,8,
6/12/2011,Piece Wack Job,8,
6/12/2011,Metropolitan Kr‰nkshaft,7,
6/12/2011,New Belgium Lips of Faith - Le Terroir,7,
6/12/2011,Piece Dark n Curvy,7,
6/12/2011,Greene King Abbot Ale (Filtered),6,
6/12/2011,K?stritzer Schwarzbier,6,
6/12/2011,Piece Bellend Bitter,6,
6/12/2011,Piece Dysfunctionale,6,
6/12/2011,Piece Flat Iron Stout,6,
6/12/2011,Bells Oarsman Ale,5,
6/12/2011,Defiant Medusa IPA,5,
6/12/2011,Piece Golden Arm,5,
6/12/2011,Saranac Black Lager,5,
6/12/2011,Captain Lawrence Liquid Gold,4,
6/12/2011,Piece It's Your Fault Alt,4,
6/12/2011,Estrella Damm,3,
6/12/2011,Karlovaƒçko Pivo,3,
6/24/2011,Tr?egs Sunshine Pils,5,
7/16/2011,Birra del Borgo Enkir,10,
7/16/2011,College Green Headless Dog,8,
7/16/2011,Murphys Draught Irish Ale,8,
7/16/2011,Porterhouse Temple Brau,8,
7/16/2011,Pietra Colomba Blanche,7,
7/16/2011,Porterhouse Brainbl·sta,7,
7/16/2011,Porterhouse Chiller,7,
7/16/2011,Porterhouse Red Ale,7,
7/16/2011,Whitewater Belfast Ale,7,
7/16/2011,Whitewater Copperhead Ale,7,
7/16/2011,Brooklyn High Line Elevated Wheat,6,
7/16/2011,Chelsea Alpha 5,6,
7/16/2011,College Green Mollys Chocolate Stout,6,
7/16/2011,Duyck Jenlain AmbrÈe,6,
7/16/2011,Haymarket Six Point Star Golden American Lager,6,
7/16/2011,Messrs Maguire Weiss,6,
7/16/2011,Porterhouse Hersbrucker,6,
7/16/2011,Porterhouse Plain Porter,6,
7/16/2011,Porterhouse TSB,6,
7/16/2011,Porterhouse Wrasslers XXXX Stout,6,
7/16/2011,Smuttynose Star Island Single,6,
7/16/2011,Franciscan Well Rebel Red Ale,5,
7/16/2011,Galway Hooker Irish Pale Ale,5,
7/16/2011,Messrs Maguire Bock,5,
7/16/2011,Messrs Maguire Plain,5,
7/16/2011,Porterhouse Oyster Stout,5,
7/16/2011,Smuttynose Wheat Wine,5,
7/16/2011,Bulmers Original,4,
7/16/2011,Franciscan Well Blarney Blonde,4,
7/16/2011,Kilkenny,4,
7/16/2011,Messrs Maguire Rusty Ale,4,
7/16/2011,Carling Premier,3,
7/16/2011,Great Divide Espresso Oak Aged Yeti Imperial Stout,3,
7/16/2011,Messrs Maguire Haus (Pils) Lager,3,
8/6/2011,Blackstone Hefeweizen,7,
8/6/2011,Blackstone Nut Brown Ale,7,
8/6/2011,Blackstone Red Springs Ale,7,
8/6/2011,Hopf Helle Weiﬂe (Das Original),7,
8/6/2011,Avery Ellies Brown Ale,6,
8/6/2011,Birreria Wanda,6,
8/6/2011,Blackstone American Pale Ale,6,
8/6/2011,Blackstone Chaser Pale,6,
8/6/2011,Birreria Sofia,5,
8/6/2011,BrewDog Stone Bashah,4,
8/6/2011,Narragansett Lager Beer,4,
8/6/2011,Atwater Cherry Stout,3,
8/6/2011,Dekoninck Gueuze,3,
8/14/2011,Abita Satsuma Harvest Wit,6,
8/14/2011,Jubilee Nut Brown Ale,5,
8/14/2011,Lazy Magnolia Southern Pecan,4,
8/14/2011,New Belgium Somersault,4,
8/14/2011,Lucky Bucket IPA,2,
9/14/2011,Estrella Damm Inedit,9,
9/14/2011,Left Hand Stranger Pale Ale,6,
9/14/2011,Sweetwater Pale Ale,6,
9/14/2011,Samuel Smiths Old Brewery Pale Ale,5,
9/14/2011,Highland Kashmir IPA,4,
10/2/2011,Brooklyn Oktoberfest,7,
10/2/2011,Lazy Magnolia Jefferson Stout,6,
10/2/2011,Post Road Pumpkin Ale,6,
10/2/2011,Starr Hill Festie,6,
10/2/2011,Starr Hill Boxcar Pumpkin Porter,5,
10/2/2011,Starr Hill Northern Lights,5,
10/2/2011,Sweetwater Motor Boat,5,
10/2/2011,BridgePort IPA,4,
10/2/2011,Shiner Oktoberfest,3,
12/29/2011,French Broad Wee Heavy-er Scotch Style Ale,9,
12/29/2011,Greens Quest,8,
12/29/2011,Stone Belgo Anise Imperial Russian Stout,8,
12/29/2011,Cigar City Maduro Oatmeal Brown Ale,7,
12/29/2011,Foothills Peoples Porter,7,
12/29/2011,Great Divide Claymore Scotch Ale,7,
12/29/2011,Samuel Smiths Yorkshire Stingo,7,
12/29/2011,Sierra Nevada/Dogfish Head Life & Limb,7,
12/29/2011,Southern Tier Porter,7,
12/29/2011,Trouble Brewing ”r,7,
12/29/2011,Yazoo Hop Project IPA #47,7,
12/29/2011,Left Hand Fade to Black Volume 3: Pepper Porter,6,
12/29/2011,Samuel Adams Latitude 48 IPA,6,
12/29/2011,Smuttynose IPA,6,
12/29/2011,Widmer Brothers Deadlift Imperial IPA,6,
12/29/2011,Yazoo Onward Stout,6,
12/29/2011,Baird Kurofune Porter,5,
12/29/2011,Baird Rising Sun Pale Ale,5,
12/29/2011,Beerlao,5,
12/29/2011,Boscos Isle of Skye Scottish Ale,5,
12/29/2011,Boscos Milk Stout,5,
12/29/2011,Guinness Black Lager,5,
12/29/2011,Presidente,5,
12/29/2011,Red Brick Ale,5,
12/29/2011,Samuel Adams Griffin's Bow Oaked Blonde Barleywine Ale,5,
12/29/2011,Yazoo Hap & Harry's,5,
12/29/2011,Yazoo Sly Rye Porter,5,
12/29/2011,Boscos Cooper Hoop,4,
12/29/2011,Boscos Famous Flaming Stone Beer,4,
12/29/2011,Boscos Hillsboro Brown,4,
12/29/2011,Boscos la Biere de Tonduese/ Lawnmower Ale,4,
12/29/2011,Dieu du Ciel Solstice d'Hiver,4,
12/29/2011,Long Trail Double Bag,4,
12/29/2011,Presidente Light,4,
12/29/2011,Sweetwater Georgia Brown,4,
12/29/2011,Widmer Brothers Reserve Lemongrass Wheat,4,
12/29/2011,Yazoo Hop Project #62,4,
12/29/2011,Boscos Bombay IPA,3,
12/29/2011,Square One Saison,3,
12/29/2011,Boscos Hefeweizen,2,
12/29/2011,Grado Plato Strada S. Felice,2,
12/29/2011,Orange Blossom Pilsner,2,
12/29/2011,Yazoo Gerst Amber,2,
12/30/2011,Chimay Triple / Blanche (White) / Cinq Cents,8,
12/30/2011,Oaked Arrogant Bastard Ale,8,
12/30/2011,Bells Expedition Stout,7,
12/30/2011,Stone India Pale Ale (IPA),7,
12/30/2011,Avery The Maharaja Imperial India Pale Ale,6,
12/30/2011,Starr Hill Jomo Lager,6,
12/31/2011,Brooklyn Tripel,7,
12/31/2011,Square One Tannhauser,7,
12/31/2011,Eataly Indian Brown Ale,5,
12/31/2011,Hilden Poetic Justice,5,
12/31/2011,Bluegrass Nut Brown Ale,4,
12/31/2011,Hat Trick Branilla,4,
12/31/2011,Broadcast Extra Pale Ale,3,
12/31/2011,Cigar City / Swamp Head English Barley Wine,3,
12/31/2011,Hat Trick Caldi's Cream Dream Ale,2,
12/31/2011,Broadcast Honey Ale,1,
1/1/2012,French Broad Wee-Heavy-est Belgian Scotch Ale,8,
1/1/2012,Calfkiller Brown Recluse,7,
1/1/2012,Left Hand Milk Stout Nitro (Bottle),7,
1/1/2012,Stoudts American Pale Ale,7,
1/1/2012,Brooklyn The Concoction,6,
1/1/2012,Big River Grille Nashville Steamer Golden Ale,5,
1/1/2012,Terrapin Hopsecutioner India Pale Ale,5,
1/1/2012,Big River Grille Iron Horse Stout,4,
1/1/2012,Big River Grille Sweet Magnolia American Brown Ale,4,
1/1/2012,Big River Grille House Brand IPA,3,
1/1/2012,Big River Grille Nashville 16th Avenue Pilsner,3,
1/1/2012,Chattanooga Imperial Pilsner,3,
1/1/2012,Big River Grille Southern Flyer Light Lager,2,
1/1/2012,Craggie Antebellum Ale,2,
1/1/2012,Sprecher India Pale Ale,1,
1/7/2012,Dry County Amber Ale,7,
1/7/2012,Dry County ESB,7,
1/7/2012,Full Sail Session Black Lager,7,
1/7/2012,LoneRider Peacemaker Pale Ale,7,
1/7/2012,Natty Greenes Guilford Golden Ale,7,
1/7/2012,Olde Hickory Piedmont Pilsner,7,
1/7/2012,Big Boss Angry Angel K?lsch,6,
1/7/2012,Downtown Grill Alt,6,
1/7/2012,Dry County Holiday Homewrecker,6,
1/7/2012,LoneRider Sweet Josie,6,
1/7/2012,Mother Earth Weeping Willow Wit,6,
1/7/2012,Blowing Rock High Country Ale,5,
1/7/2012,Downtown Grill Downtown Blonde Ale,5,
1/7/2012,Downtown Grill White Mule ESB,5,
1/7/2012,Downtown Grill Woodruff IPA,5,
1/7/2012,Dry County Black IPA,5,
1/7/2012,Mother Earth Endless River K?lsch,5,
1/7/2012,The Duck-Rabbit Milk Stout,5,
1/7/2012,Big Boss Hells Belle Belgian Blond,4,
1/7/2012,Downtown Grill New World Porter,4,
1/7/2012,Downtown Grill Nut Brown Ale,4,
1/7/2012,Dry County Belgian Dubbel,4,
1/7/2012,Estrella Damm Daura (Apta Para CelÌacos),4,
1/7/2012,Natty Greenes Buckshot Amber Ale,4,
1/7/2012,The Duck-Rabbit Brown Ale,4,
1/7/2012,Downtown Grill Captain's Ale,3,
1/7/2012,Dry County Pumpkin Ale,3,
1/7/2012,Mother Earth Sisters of the Moon IPA,3,
1/7/2012,The Duck-Rabbit Amber Ale,3,
1/7/2012,Downtown Grill State Street Stout,2,
1/7/2012,Natty Greenes Southern Pale Ale,2,
1/7/2012,Carolina Strawberry Ale,1,
1/9/2012,Samuel Adams Irish Red Ale,5,
1/10/2012,Abita Fleur-de-Lis Restoration Ale,8,
1/10/2012,Bluegrass American Pale Ale,7,
1/10/2012,Piraat 10.5%,7,
1/10/2012,Miller Genuine Draft Light 64 (MGD Light 64),4,
2/2/2012,Jackalope Bearwalker Maple Brown,9,
2/2/2012,Boulevard Tank 7 Farmhouse Ale,8,
2/2/2012,Flying Dog K-9 Cruiser,8,
2/2/2012,Jackalope Thunder Ann,8,
2/2/2012,Tallgrass Halcyon Wheat,8,
2/2/2012,Highland Oatmeal Porter,7,
2/2/2012,Jackalope Rompo Red Rye,7,
2/2/2012,SKA Euphoria Pale Ale,7,
2/2/2012,4 Hands Reprise Centennial Red Ale,6,
2/2/2012,Boulevard Harvest Dance Wheat Wine,6,
2/2/2012,Boulevard Nommo Dubbel,6,
2/2/2012,Charleville Box of Chocolate Quad,6,
2/2/2012,Einbecker Brauherren Alkoholfrei,6,
2/2/2012,Perennial Peace Offering,6,
2/2/2012,Stoudts Revel Red,6,
2/2/2012,4 Hands Divided Sky Rye IPA,5,
2/2/2012,Brooklyn Winter Ale (2006 and Later),5,
2/2/2012,Deschutes Black Butte Porter,5,
2/2/2012,Firestone Walker Union Jack IPA,5,
2/2/2012,New Belgium Snow Day,5,
2/2/2012,OFallon Hemp Hop Rye,5,
2/2/2012,Samuel Adams Alpine Spring,5,
2/2/2012,Firestone Walker Double Jack IPA,4,
2/2/2012,Six Row Porter,3,
2/2/2012,Widmer Brothers Reserve Prickly Pear Braggot,3,
2/2/2012,New Belgium Lips of Faith - Fresh Hop,2,
2/2/2012,Ferguson Pecan Brown Ale,1,
2/17/2012,Abita Select Barleywine,8,
2/17/2012,Flying Dog Old Scratch Amber Lager,7,
2/17/2012,Jackalope Hairy Highlander,7,
2/17/2012,Casablanca (Casa Beer),5,
2/20/2012,Oskar Blues Mamas Little Yella Pils,7,
2/20/2012,Kentucky Ale,5,
2/20/2012,Redhook Winterhook,5,
2/20/2012,Shiner Spring Ale Dortmunder,3,
2/21/2012,Yazoo Hop Project #63,8,
2/29/2012,New Belgium Dig,7,
2/29/2012,Samuel Adams Third Voyage Double IPA,7,
2/29/2012,Green Flash West Coast IPA,4,
2/29/2012,Napa Smith Pale Ale,4,
2/29/2012,Orion Premium Draft Beer,4,
3/11/2012,Old Harbor Brew Pale Ale,6,
3/11/2012,Mahou Cinco Estrellas,5,
3/11/2012,Magna Special Craft,4,
3/11/2012,Old Harbor Coqui Lager,4,
3/11/2012,Old Harbor Santo Viejo Pilsner,4,
3/11/2012,Medalla Light,2,
3/11/2012,Old Harbor Kofresi Stout,2,
3/11/2012,Silver Key Light,2,
3/11/2012,Keystone V9,1,
3/24/2012,Fort Collins Rocky Mountain IPA,8,
3/24/2012,Barrel Trolley Amber Ale,7,
3/24/2012,Kentucky Bourbon Barrel Ale,7,
3/24/2012,Jackalope Drunken Highlander,6,
3/24/2012,Jackalope Lovebird Wheat,6,
3/24/2012,Tap Room No. 21 Moes Backroom Wheat Beer,6,
3/24/2012,New Belgium Lips of Faith - Cocoa Mole,5,
3/24/2012,Port Republic Lager,4,
3/24/2012,Terrapin Marshmallow Banana Moo Hoo,4,
3/24/2012,Rinkuökiai Lobster Lovers Beer 9.5%,2,
4/11/2012,Beamish Irish Stout,6,
4/11/2012,Left Hand 400 Pound Monkey,6,
4/13/2012,Jackalope Spruce Beersteen,8,
4/13/2012,Chatoe Rogue OREgasmic Ale,7,
4/13/2012,Green Flash Double Stout,7,
4/13/2012,Yazoo Hop Project #64,7,
4/13/2012,Yazoo Rye Saison,7,
4/13/2012,Fort Collins The Incredible Hop - Imperial Black IPA,6,
4/13/2012,Innis & Gunn Rum Cask Oak Aged Beer,6,
4/13/2012,Jackalope Cubcrawler,6,
4/13/2012,Redbridge,5,
4/19/2012,Chatoe Rogue Good Chit Pilsner,7,
4/19/2012,La BiËre du Boucanier Blonde,4,
4/19/2012,Newcastle Founders Ale,4,
5/2/2012,Saranac White IPA,7,
5/2/2012,Kona Koko Brown Ale,5,
5/2/2012,Starr Hill Starr Pils,5,
5/2/2012,New Belgium Shift Pale Lager,3,
5/3/2012,Sierra Nevada Kellerweis Hefeweizen,8,
5/6/2012,Four In Hand Winter Brew,7,
5/6/2012,Fort Collins Kidd Black Lager (Schwarzbier),5,
5/7/2012,Point Three Kings Ale,5,
5/10/2012,Caldera IPA,8,
5/10/2012,Craggie Burning Barrel Bourbon Chipotle Porter,7,
5/10/2012,Victory Summer Love,7,
5/10/2012,Craggie Dubbelicious,6,
5/10/2012,Boscos Dry Stout,5,
5/10/2012,Boscos Irish Red Ale,4,
5/10/2012,Meantime India Pale Ale,4,
5/10/2012,Moerlein Lager House Original Golden Helles,4,
5/10/2012,Boscos Olde Fool,3,
5/10/2012,French Broad Gateway Kolsch,3,
5/10/2012,Boscos Ice Age Pale Ale,2,
5/16/2012,Green Flash Palate Wrecker,9,
5/16/2012,Dieu du Ciel …quinoxe du Printemps,8,
5/16/2012,Pretty Things Fluffy White Rabbits Hoppy Triple,8,
5/16/2012,N¯gne ÿ Sunturnbrew,7,
5/16/2012,Lionshead,4,
5/19/2012,21st Amendment Bitter American,4,
5/25/2012,Cisco Sankaty Light Lager,8,
5/25/2012,Founders Centennial IPA,8,
5/25/2012,Sixpoint Resin,8,
5/25/2012,Thornbridge Hall Raven,8,
5/25/2012,Birra Amarcord AMA Bionda,7,
5/25/2012,North Coast Red Seal Ale,7,
5/25/2012,Ommegang Adoration,7,
5/25/2012,Sixpoint Mad Scientist Series #9: Cacao Husk Stout,7,
5/25/2012,Stillwater DÈbutante,7,
5/25/2012,Van Diest Fr¸li Strawberry Beer,7,
5/25/2012,Wandering Star Thunderbolt I.P.A.,7,
5/25/2012,Avery Joe's Premium American Pilsner,6,
5/25/2012,Founders Cerise,6,
5/25/2012,Hofstettner K¸belbier,6,
5/25/2012,Keegan Ales Mothers Milk Stout,6,
5/25/2012,Stillwater Barrel Aged Series - Existent,6,
5/25/2012,21st Amendment Back in Black,5,
5/25/2012,Bronx Pale Ale,5,
5/25/2012,Brooklyn East India Pale Ale,5,
5/25/2012,Brooklyn Gold Standard Export Kellerbier,5,
5/25/2012,Lakefront Riverwest Stein,5,
5/25/2012,Shipyard Summer Ale,5,
5/25/2012,Bud Light Platinum,4,
5/25/2012,Dormaal Amber,4,
5/25/2012,Midnight Sun Sockeye Red IPA,4,
5/25/2012,Pretty Things Jack D'Or,4,
5/25/2012,21st Amendment Brew Free or Die IPA,3,
6/11/2012,Samuel Adams Chocolate Bock,8,
6/11/2012,Ballast Point Piper Down Scottish Ale,7,
6/11/2012,Crossroads Outrage IPA,7,
6/11/2012,Anderson Valley Summer Solstice Wheat,6,
6/11/2012,Bear Republic Big Bear Black Stout,6,
6/11/2012,Krombacher Pils,6,
6/11/2012,Petrus Oud Bruin,6,
6/11/2012,Sly Fox Royal Weisse,5,
6/11/2012,Speakeasy Big Daddy IPA,5,
6/11/2012,Two Brothers Dog Days Dortmunder Style Lager,5,
6/11/2012,Carlow O'Haras Irish Red,4,
6/11/2012,Goose Island Summer Bitter,4,
6/11/2012,James Boag's Pure,4,
6/11/2012,Magic Hat Elder Betty,4,
6/11/2012,Blue Point Summer Ale,3,
6/11/2012,Uinta Dubhe Imperial Black IPA,3,
6/11/2012,Point Nude Beach Summer Wheat,2,
6/17/2012,McKenzie's Hard Cider,8,
6/17/2012,Widmer Brothers Rotator IPA Series - Spiced IPA,7,
6/17/2012,Clown Shoes Clementine,6,
6/17/2012,Flying Dog In de Wildeman Farmhouse IPA,6,
6/17/2012,McKenzie's Black Cherry,6,
6/17/2012,Stoudts Karnival K?lsch,6,
6/17/2012,Stoudts Smooth Hoperator,6,
6/17/2012,Breckenridge Agave Wheat,5,
6/17/2012,Brooklyn Radius,5,
6/17/2012,Flying Dog Woody Creek White,5,
6/17/2012,Julius Echter Hefe-Weissbier Hell,5,
6/17/2012,Neumarkter Lammsbr‰u Dunkel,5,
6/17/2012,Neumarkter Lammsbr‰u Edel Pils,5,
6/17/2012,Speakeasy White Lightning,5,
6/17/2012,W¸rzburger Hofbr‰u Premium Pilsner,5,
6/17/2012,Abita St. Gleason Imperial Red,4,
6/17/2012,Boulder Beer Sweaty Betty Blonde,4,
6/17/2012,Greenport Harbor Summer Ale,4,
6/17/2012,Omission Gluten Free Pale Ale,4,
6/17/2012,Smuttynose Summer Weizen Ale,4,
6/17/2012,Clown Shoes Lubrication,3,
6/17/2012,Great Divide Hoss Rye Lager,3,
6/17/2012,Omission Gluten Free Lager,3,
6/17/2012,Oskar Blues Deviant Dale's India Pale Ale,3,
6/17/2012,Jonas Bronck's Kingsbridge Kolsch,2,
6/17/2012,Shock Top Lemon Shandy,1,
6/19/2012,Peak Organic Hop Noir,8,
6/19/2012,Sierra Nevada Ovila Dubbel,8,
6/19/2012,Arcobr‰u Weissbier Hell,6,
6/19/2012,Farnum Hill Summer Cider,6,
6/19/2012,Southampton Burton IPA,6,
6/19/2012,Stillwater Cellar Door,6,
6/19/2012,Uinta Organic Wyld,6,
6/19/2012,Uinta Golden Spike Hefeweizen,5,
6/19/2012,Blue Moon Chardonnay Blonde,4,
6/19/2012,Captain Lawrence Captains Kolsch,4,
6/19/2012,Empire Summer Ale,4,
6/19/2012,Empire White Aphro,4,
6/19/2012,Blue Moon Farmhouse Red Ale,3,
6/19/2012,Captain Lawrence Brown Bird Brown Ale,3,
6/19/2012,Steenbrugge Dubbel Bruin,3,
6/19/2012,Bomb Lager,4,
6/19/2012,508 Double Black IPA,9,
6/19/2012,508 Saison,5,
6/19/2012,BENsBREW The Keeping Biere,5,
6/19/2012,BENsBREW SMaSH Saison,4,
7/14/2012,Malheur 6,5,
7/14/2012,Ommegang Art of Darkness,8,
7/14/2012,Brugse Zot,6,
7/14/2012,Lake Placid Barkeater Amber Ale,3,
7/14/2012,Jolly Pumpkin Fuego del Otono (Autumn Fire),1,
7/14/2012,Dieu du Ciel Corne du Diable,5,
7/20/2012,Newburgh Saison,4,
7/20/2012,Professor Fritz Briem 13th Century Grut Bier,7,
7/20/2012,Narragansett Summer Ale,6,
7/21/2012,Empire Cream Ale,8,
7/21/2012,Firestone Walkers Reserve (Robust Porter),6,
7/21/2012,Stillwater / Hof Ten Dormaal íBronze Ageí,6,
7/28/2012,Laughing Dog Rocket Dog Rye IPA,7,
7/28/2012,Baladin Birra Lurisia Otto,7,
8/3/2012,Chelsea Summer Solstice Wheat,5,
8/3/2012,Chelsea Witcraft,6,
8/3/2012,Chelsea Hop Angel IPA,5,
8/3/2012,Chelsea High and Dry Porter,6,
8/3/2012,Chelsea Blackberry Wheat,4,
8/6/2012,Rhinelander Boatswain Chocolate Stout,8,
8/8/2012,New Belgium Lips of Faith - Grand Cru Abbey Ale,6,
8/8/2012,New Belgium Lips of Faith - Tart Lychee,5,
8/8/2012,Lagunitas Undercover Investigation Shut-Down Ale,8,
8/11/2012,R.J. Rockers Son of a Peach Wheat Ale,2,
8/12/2012,Trˆegs Flying Mouflan,5,
8/15/2012,Rivertown Roebling Porter,4,
8/15/2012,Rivertown Hop Bomber Pale Ale,3,
8/15/2012,Red Brick Dog Days Ale,5,
8/18/2012,Jackalope Das Bij,6,
8/18/2012,Fort Collins 1900 Amber Lager,4,
8/18/2012,Fort Collins Z Lager,3,
8/18/2012,Fort Collins Red Banshee (Retro Red) ,6,
8/18/2012,Fort Collins Chocolate Stout,3,
8/21/2012,Schlafly Yakima Wheat Ale,6,
8/24/2012,Yazoo Hop Project IPA #66,4,
8/25/2012,Shiner Wild Hare Pale Ale,3,
9/4/2012,Blackstone Coffee Stout,7,
9/4/2012,Blackstone Pilsner,4,
9/15/2012,Cool Springs Franklins First,4,
9/15/2012,Cool Springs Pecker Wrecker Pale Ale,5,
9/15/2012,Cool Springs Fatback Amber Ale,3,
9/15/2012,Cool Springs 3ís A Crowd Tripel,6,
9/15/2012,Cool Springs Berliner Weisse,2,
9/15/2012,Cool Springs Ginger Bombshell Red IPA,6,
9/15/2012,Cool Springs Dirty Monk,4,
9/15/2012,Cool Springs Early Riser Espresso Stout,2,
9/16/2012,Turtle Anarchy Portly Stout,6,
9/16/2012,Jackalope Leghorn Rye IPA,8,
9/21/2012,Stone 16th Anniversary IPA,6,
9/21/2012,BridgePort Summer Squeeze Bright Ale,5,
9/23/2012,Haywards 5000,5,
9/23/2012,Turtle Anarchy Another Way to Rye,6,
9/23/2012,New Belgium Lips of Faith - Brett Beer,4,
9/23/2012,New Belgium/Alpine Lips of Faith - Super India Pale Ale,6,
9/25/2012,Calfkiller Feature Creature,7,
9/25/2012,Straight To Ale Hell or Rye,7,
10/1/2012,Newcastle Werewolf,5,
10/5/2012,Sierra Nevada FOAM Pilsner,8,
10/12/2012,Straight To Ale Stop Work 689 Kolsch,7,
10/12/2012,Victory Headwaters Pale Ale,5,
10/17/2012,"Captain Lawrence Pilot Batch #19 ""Chico De Leche"" Milk Stout",3,
10/21/2012,Blue Moon Caramel Apple-Spiced Ale,2,
10/21/2012,Samuel Adams White Christmas,3,
11/2/2012,Reunion - A Beer For Hope 2012 (Terrapin Beer Company) ,5,
11/5/2012,Schlafly Tasmanian IPA,6,
11/6/2012,Straight To Ale Monkeynaut IPA ,5,
11/16/2012,Sierra Nevada Stout,7,
11/16/2012,Newcastle Winter IPA,7,
11/16/2012,Magic Hat Heart of Darkness Stout,5,
11/21/2012,Henry Weinhards Private Reserve ,3,
11/21/2012,Birradamare Na Biretta Rossa,8,
11/21/2012,Birradamare Na Biretta Nera,5,
11/23/2012,Coedo Beniaka,8,
11/24/2012,Shock Top End of the World Midnight Wheat,2,
11/24/2012,Shock Top Wheat I.P.A.,1,
11/27/2012,Leinenkugels Lemon Berry Shandy,3,
12/3/2012,Rogue Voodoo Doughnut Bacon Maple Ale,4,"This is surprisingly like what you would expect from the name. It smells like a box of hot Krispy Kremes covered in Aunt Jemima syrup, with someone cooking Benton's Bacon in the next room. Somehow the smoked malts part, leaving what feels like a good Nut Brown base and just enough mild hops to tame the added sugars, before finishing with residual smoke--almost spice--notes. All together, it's just a bit too much to enjoy outside of the novelty. Without a defined style to compare it with, I rated it primarily based on my willingness to ever pick it off a shelf again. I must admit, however, that Rogue, as usual, came through with exactly the beer they intended to, which in this case is quite remarkable."
12/5/2012,Fat Bottom Ruby,4,
12/7/2012,Suntory Premium Malts,3,
12/11/2012,Birreria Gina,8,
12/11/2012,Birreria Nicoletta,6,
12/11/2012,Dogfish Head Birra Etrusca Bronze Ale,7,
12/11/2012,Baladin Nora,4,
12/12/2012,Lakefront Bridge Burner Strong Ale,4,
12/12/2012,Full Sail Brewers Share Big Daddy Js Malt Liquor,1,
12/12/2012,Ridgeway Santas Butt Winter Porter,7,
12/12/2012,BFM ?225 Saison,7,
12/17/2012,Stone 12.12.12 Vertical Epic Ale,7,
12/17/2012,New Belgium Lips of Faith - Biere de Garde,6,
12/17/2012,New Belgium Lips of Faith - Imperial Coffee Chocolate Stout,8,
12/17/2012,Sierra Nevada Narwhal Imperial Stout,7,
12/20/2012,The Civil Life British Bitter,7,
12/20/2012,Perennial Hommel Bier,6,
12/20/2012,The Civil Life Oatmeal Stout,6,
12/20/2012,Urban Chestnut Zwickel,7,
12/20/2012,Urban Chestnut Trafalgar,5,
12/20/2012,Urban Chestnut Schnickelfritz,5,
12/20/2012,Deschutes Hop in the Dark CDA,9,
12/20/2012,SKA Modus Hoperandi IPA,8,
12/21/2012,Buffalo 80 Schilling,6,
12/21/2012,Buffalo Rye IPA,6,
12/21/2012,Buffalo Chili Beer,8,"With this offering, Buffalo excels where many have failed. It drinks like a well-crafted golden ale, perfectly smooth with a carefully balanced flavor. After finishing clean with no bite to speak of, it left me wondering if somehow the brewmaster had forgotten to add the chili. Just then, a rising wave of jalapeno and ancho leaves a subtle warm aftertaste without overtaking the experience."
12/21/2012,Urban Chestnut Triticum,4,
12/21/2012,Urban Chestnut Daft,3,
12/21/2012,Urban Chestnut Kleinmanneken,6,
12/21/2012,Urban Chestnut Strisselspalt IPA,6,
12/21/2012,Urban Chestnut Winged Nut,4,
12/21/2012,Urban Chestnut Hopfen,2,
12/21/2012,Urban Chestnut Dorfbier,4,
12/21/2012,Urban Chestnut Nelson Sauvin IPA,5,
12/21/2012,Urban Chestnut Harwood Myth,3,
12/21/2012,Six Row Whale,5,
12/21/2012,Six Row Double IPA,4,
12/21/2012,Six Row Honey Weizen,4,
12/21/2012,Six Row Belgian Triple,7,
12/21/2012,Six Row Russian Imperial Stout,5,
12/21/2012,Six Row Vanilla Bean Porter,8,
12/21/2012,Six Row Fresh Hop Black IPA,6,
12/21/2012,Perennial Peach Berliner Weisse,7,
12/21/2012,Perennial Brew for the Crew,5,
12/21/2012,Perennial Saison de Lis,6,
12/21/2012,Perennial Aria,5,
12/21/2012,Perennial Artisan Ales Iíve Got 5 On It,8,
12/21/2012,Perennial Devilís Heart of Gold,5,
12/21/2012,Perennial Vermilion,7,
12/21/2012,Square One Imperial IPA,5,
12/21/2012,Square One Maple Stout,6,
12/21/2012,Square One Irish Stout,8,
12/21/2012,Square One Park Avenue Pale Ale,4,
12/21/2012,Square One Marinka,6,
12/21/2012,Square One Double American Nut Brown,8,
12/22/2012,Estrella Galicia,6,
12/22/2012,Kr‰ftig Light,6,
12/22/2012,The Civil Life Royale Kˆlsch,6,
12/22/2012,The Civil Life Goal!den Ale,5,
12/22/2012,The Civil Life Dry Hopped Pale,5,
12/22/2012,The Civil Life Dunkelweizen,3,
12/22/2012,The Civil Life English Mild,7,
12/22/2012,The Civil Life 1 Year Alt!,4,
12/22/2012,The Civil Life Irish Red,7,
12/22/2012,The Civil Life American Brown,5,
12/22/2012,The Civil Life Milk Stout,6,
12/22/2012,4 Hands Cast Iron Oatmeal Brown,7,
12/22/2012,4 Hands Foundation,6,
12/22/2012,4 Hands PiPA,6,
12/22/2012,4 Hands Pyrus French Saison,4,
12/22/2012,4 Hands Smoked Pigasus,7,
12/22/2012,Schlafly Vintage Barleywine,4,
12/22/2012,Saint Louis Imperial Stout,6,
12/22/2012,Schlafly Mead,1,
12/22/2012,Saint Louis Wee Optic,7,
